Country,Indicator Name,Time Period,Value
Canada,"Consumer Price Index, All items",1980M1,41.8
Canada,"Consumer Price Index, All items",1980M2,42.3
Canada,"Consumer Price Index, All items",1980M3,42.6
Canada,"Consumer Price Index, All items",1980M4,42.9
Canada,"Consumer Price Index, All items",1980M5,43.4
Canada,"Consumer Price Index, All items",1980M6,43.9
Canada,"Consumer Price Index, All items",1980M7,44.2
Canada,"Consumer Price Index, All items",1980M8,44.7
Canada,"Consumer Price Index, All items",1980M9,45
Canada,"Consumer Price Index, All items",1980M10,45.4
Canada,"Consumer Price Index, All items",1980M11,46
Canada,"Consumer Price Index, All items",1980M12,46.2
Canada,"Consumer Price Index, All items",1981M1,46.9
Canada,"Consumer Price Index, All items",1981M2,47.4
Canada,"Consumer Price Index, All items",1981M3,48
Canada,"Consumer Price Index, All items",1981M4,48.3
Canada,"Consumer Price Index, All items",1981M5,48.7
Canada,"Consumer Price Index, All items",1981M6,49.5
Canada,"Consumer Price Index, All items",1981M7,49.9
Canada,"Consumer Price Index, All items",1981M8,50.3
Canada,"Consumer Price Index, All items",1981M9,50.7
Canada,"Consumer Price Index, All items",1981M10,51.2
Canada,"Consumer Price Index, All items",1981M11,51.6
Canada,"Consumer Price Index, All items",1981M12,51.8
Canada,"Consumer Price Index, All items",1982M1,52.2
Canada,"Consumer Price Index, All items",1982M2,52.8
Canada,"Consumer Price Index, All items",1982M3,53.5
Canada,"Consumer Price Index, All items",1982M4,53.8
Canada,"Consumer Price Index, All items",1982M5,54.5
Canada,"Consumer Price Index, All items",1982M6,55.1
Canada,"Consumer Price Index, All items",1982M7,55.4
Canada,"Consumer Price Index, All items",1982M8,55.6
Canada,"Consumer Price Index, All items",1982M9,55.9
Canada,"Consumer Price Index, All items",1982M10,56.3
Canada,"Consumer Price Index, All items",1982M11,56.6
Canada,"Consumer Price Index, All items",1982M12,56.6
Canada,"Consumer Price Index, All items",1983M1,56.5
Canada,"Consumer Price Index, All items",1983M2,56.8
Canada,"Consumer Price Index, All items",1983M3,57.4
Canada,"Consumer Price Index, All items",1983M4,57.4
Canada,"Consumer Price Index, All items",1983M5,57.5
Canada,"Consumer Price Index, All items",1983M6,58.1
Canada,"Consumer Price Index, All items",1983M7,58.4
Canada,"Consumer Price Index, All items",1983M8,58.7
Canada,"Consumer Price Index, All items",1983M9,58.7
Canada,"Consumer Price Index, All items",1983M10,59.1
Canada,"Consumer Price Index, All items",1983M11,59.1
Canada,"Consumer Price Index, All items",1983M12,59.2
Canada,"Consumer Price Index, All items",1984M1,59.6
Canada,"Consumer Price Index, All items",1984M2,59.9
Canada,"Consumer Price Index, All items",1984M3,60
Canada,"Consumer Price Index, All items",1984M4,60.2
Canada,"Consumer Price Index, All items",1984M5,60.2
Canada,"Consumer Price Index, All items",1984M6,60.6
Canada,"Consumer Price Index, All items",1984M7,60.8
Canada,"Consumer Price Index, All items",1984M8,60.8
Canada,"Consumer Price Index, All items",1984M9,60.9
Canada,"Consumer Price Index, All items",1984M10,61.1
Canada,"Consumer Price Index, All items",1984M11,61.4
Canada,"Consumer Price Index, All items",1984M12,61.4
Canada,"Consumer Price Index, All items",1985M1,61.7
Canada,"Consumer Price Index, All items",1985M2,62.1
Canada,"Consumer Price Index, All items",1985M3,62.2
Canada,"Consumer Price Index, All items",1985M4,62.5
Canada,"Consumer Price Index, All items",1985M5,62.7
Canada,"Consumer Price Index, All items",1985M6,63
Canada,"Consumer Price Index, All items",1985M7,63.3
Canada,"Consumer Price Index, All items",1985M8,63.3
Canada,"Consumer Price Index, All items",1985M9,63.4
Canada,"Consumer Price Index, All items",1985M10,63.6
Canada,"Consumer Price Index, All items",1985M11,63.8
Canada,"Consumer Price Index, All items",1985M12,64.1
Canada,"Consumer Price Index, All items",1986M1,64.4
Canada,"Consumer Price Index, All items",1986M2,64.7
Canada,"Consumer Price Index, All items",1986M3,64.9
Canada,"Consumer Price Index, All items",1986M4,64.9
Canada,"Consumer Price Index, All items",1986M5,65.3
Canada,"Consumer Price Index, All items",1986M6,65.4
Canada,"Consumer Price Index, All items",1986M7,65.9
Canada,"Consumer Price Index, All items",1986M8,66
Canada,"Consumer Price Index, All items",1986M9,66
Canada,"Consumer Price Index, All items",1986M10,66.4
Canada,"Consumer Price Index, All items",1986M11,66.7
Canada,"Consumer Price Index, All items",1986M12,66.8
Canada,"Consumer Price Index, All items",1987M1,67
Canada,"Consumer Price Index, All items",1987M2,67.3
Canada,"Consumer Price Index, All items",1987M3,67.5
Canada,"Consumer Price Index, All items",1987M4,67.9
Canada,"Consumer Price Index, All items",1987M5,68.3
Canada,"Consumer Price Index, All items",1987M6,68.5
Canada,"Consumer Price Index, All items",1987M7,68.9
Canada,"Consumer Price Index, All items",1987M8,69
Canada,"Consumer Price Index, All items",1987M9,69
Canada,"Consumer Price Index, All items",1987M10,69.2
Canada,"Consumer Price Index, All items",1987M11,69.5
Canada,"Consumer Price Index, All items",1987M12,69.6
Canada,"Consumer Price Index, All items",1988M1,69.7
Canada,"Consumer Price Index, All items",1988M2,70
Canada,"Consumer Price Index, All items",1988M3,70.4
Canada,"Consumer Price Index, All items",1988M4,70.6
Canada,"Consumer Price Index, All items",1988M5,71
Canada,"Consumer Price Index, All items",1988M6,71.2
Canada,"Consumer Price Index, All items",1988M7,71.6
Canada,"Consumer Price Index, All items",1988M8,71.7
Canada,"Consumer Price Index, All items",1988M9,71.8
Canada,"Consumer Price Index, All items",1988M10,72.2
Canada,"Consumer Price Index, All items",1988M11,72.3
Canada,"Consumer Price Index, All items",1988M12,72.3
Canada,"Consumer Price Index, All items",1989M1,72.7
Canada,"Consumer Price Index, All items",1989M2,73.2
Canada,"Consumer Price Index, All items",1989M3,73.6
Canada,"Consumer Price Index, All items",1989M4,73.8
Canada,"Consumer Price Index, All items",1989M5,74.6
Canada,"Consumer Price Index, All items",1989M6,74.9
Canada,"Consumer Price Index, All items",1989M7,75.4
Canada,"Consumer Price Index, All items",1989M8,75.5
Canada,"Consumer Price Index, All items",1989M9,75.6
Canada,"Consumer Price Index, All items",1989M10,75.9
Canada,"Consumer Price Index, All items",1989M11,76.1
Canada,"Consumer Price Index, All items",1989M12,76.1
Canada,"Consumer Price Index, All items",1990M1,76.7
Canada,"Consumer Price Index, All items",1990M2,77.2
Canada,"Consumer Price Index, All items",1990M3,77.5
Canada,"Consumer Price Index, All items",1990M4,77.5
Canada,"Consumer Price Index, All items",1990M5,77.9
Canada,"Consumer Price Index, All items",1990M6,78.2
Canada,"Consumer Price Index, All items",1990M7,78.5
Canada,"Consumer Price Index, All items",1990M8,78.6
Canada,"Consumer Price Index, All items",1990M9,78.8
Canada,"Consumer Price Index, All items",1990M10,79.5
Canada,"Consumer Price Index, All items",1990M11,80
Canada,"Consumer Price Index, All items",1990M12,79.9
Canada,"Consumer Price Index, All items",1991M1,82
Canada,"Consumer Price Index, All items",1991M2,82
Canada,"Consumer Price Index, All items",1991M3,82.3
Canada,"Consumer Price Index, All items",1991M4,82.3
Canada,"Consumer Price Index, All items",1991M5,82.7
Canada,"Consumer Price Index, All items",1991M6,83.1
Canada,"Consumer Price Index, All items",1991M7,83.2
Canada,"Consumer Price Index, All items",1991M8,83.3
Canada,"Consumer Price Index, All items",1991M9,83.1
Canada,"Consumer Price Index, All items",1991M10,83
Canada,"Consumer Price Index, All items",1991M11,83.3
Canada,"Consumer Price Index, All items",1991M12,82.9
Canada,"Consumer Price Index, All items",1992M1,83.3
Canada,"Consumer Price Index, All items",1992M2,83.3
Canada,"Consumer Price Index, All items",1992M3,83.6
Canada,"Consumer Price Index, All items",1992M4,83.7
Canada,"Consumer Price Index, All items",1992M5,83.8
Canada,"Consumer Price Index, All items",1992M6,84
Canada,"Consumer Price Index, All items",1992M7,84.2
Canada,"Consumer Price Index, All items",1992M8,84.2
Canada,"Consumer Price Index, All items",1992M9,84.2
Canada,"Consumer Price Index, All items",1992M10,84.3
Canada,"Consumer Price Index, All items",1992M11,84.7
Canada,"Consumer Price Index, All items",1992M12,84.7
Canada,"Consumer Price Index, All items",1993M1,85
Canada,"Consumer Price Index, All items",1993M2,85.3
Canada,"Consumer Price Index, All items",1993M3,85.2
Canada,"Consumer Price Index, All items",1993M4,85.2
Canada,"Consumer Price Index, All items",1993M5,85.4
Canada,"Consumer Price Index, All items",1993M6,85.4
Canada,"Consumer Price Index, All items",1993M7,85.6
Canada,"Consumer Price Index, All items",1993M8,85.7
Canada,"Consumer Price Index, All items",1993M9,85.7
Canada,"Consumer Price Index, All items",1993M10,85.9
Canada,"Consumer Price Index, All items",1993M11,86.3
Canada,"Consumer Price Index, All items",1993M12,86.1
Canada,"Consumer Price Index, All items",1994M1,86.1
Canada,"Consumer Price Index, All items",1994M2,85.4
Canada,"Consumer Price Index, All items",1994M3,85.4
Canada,"Consumer Price Index, All items",1994M4,85.4
Canada,"Consumer Price Index, All items",1994M5,85.2
Canada,"Consumer Price Index, All items",1994M6,85.4
Canada,"Consumer Price Index, All items",1994M7,85.7
Canada,"Consumer Price Index, All items",1994M8,85.8
Canada,"Consumer Price Index, All items",1994M9,85.9
Canada,"Consumer Price Index, All items",1994M10,85.7
Canada,"Consumer Price Index, All items",1994M11,86.2
Canada,"Consumer Price Index, All items",1994M12,86.3
Canada,"Consumer Price Index, All items",1995M1,86.6
Canada,"Consumer Price Index, All items",1995M2,87
Canada,"Consumer Price Index, All items",1995M3,87.2
Canada,"Consumer Price Index, All items",1995M4,87.5
Canada,"Consumer Price Index, All items",1995M5,87.7
Canada,"Consumer Price Index, All items",1995M6,87.7
Canada,"Consumer Price Index, All items",1995M7,87.9
Canada,"Consumer Price Index, All items",1995M8,87.7
Canada,"Consumer Price Index, All items",1995M9,87.8
Canada,"Consumer Price Index, All items",1995M10,87.7
Canada,"Consumer Price Index, All items",1995M11,88
Canada,"Consumer Price Index, All items",1995M12,87.8
Canada,"Consumer Price Index, All items",1996M1,88
Canada,"Consumer Price Index, All items",1996M2,88.1
Canada,"Consumer Price Index, All items",1996M3,88.5
Canada,"Consumer Price Index, All items",1996M4,88.7
Canada,"Consumer Price Index, All items",1996M5,89
Canada,"Consumer Price Index, All items",1996M6,89
Canada,"Consumer Price Index, All items",1996M7,89
Canada,"Consumer Price Index, All items",1996M8,89
Canada,"Consumer Price Index, All items",1996M9,89.1
Canada,"Consumer Price Index, All items",1996M10,89.3
Canada,"Consumer Price Index, All items",1996M11,89.7
Canada,"Consumer Price Index, All items",1996M12,89.7
Canada,"Consumer Price Index, All items",1997M1,89.9
Canada,"Consumer Price Index, All items",1997M2,90.1
Canada,"Consumer Price Index, All items",1997M3,90.2
Canada,"Consumer Price Index, All items",1997M4,90.2
Canada,"Consumer Price Index, All items",1997M5,90.3
Canada,"Consumer Price Index, All items",1997M6,90.5
Canada,"Consumer Price Index, All items",1997M7,90.5
Canada,"Consumer Price Index, All items",1997M8,90.6
Canada,"Consumer Price Index, All items",1997M9,90.6
Canada,"Consumer Price Index, All items",1997M10,90.6
Canada,"Consumer Price Index, All items",1997M11,90.5
Canada,"Consumer Price Index, All items",1997M12,90.4
Canada,"Consumer Price Index, All items",1998M1,90.9
Canada,"Consumer Price Index, All items",1998M2,91
Canada,"Consumer Price Index, All items",1998M3,91.1
Canada,"Consumer Price Index, All items",1998M4,91
Canada,"Consumer Price Index, All items",1998M5,91.3
Canada,"Consumer Price Index, All items",1998M6,91.4
Canada,"Consumer Price Index, All items",1998M7,91.4
Canada,"Consumer Price Index, All items",1998M8,91.4
Canada,"Consumer Price Index, All items",1998M9,91.2
Canada,"Consumer Price Index, All items",1998M10,91.6
Canada,"Consumer Price Index, All items",1998M11,91.6
Canada,"Consumer Price Index, All items",1998M12,91.3
Canada,"Consumer Price Index, All items",1999M1,91.5
Canada,"Consumer Price Index, All items",1999M2,91.6
Canada,"Consumer Price Index, All items",1999M3,92
Canada,"Consumer Price Index, All items",1999M4,92.5
Canada,"Consumer Price Index, All items",1999M5,92.7
Canada,"Consumer Price Index, All items",1999M6,92.9
Canada,"Consumer Price Index, All items",1999M7,93.1
Canada,"Consumer Price Index, All items",1999M8,93.3
Canada,"Consumer Price Index, All items",1999M9,93.6
Canada,"Consumer Price Index, All items",1999M10,93.7
Canada,"Consumer Price Index, All items",1999M11,93.6
Canada,"Consumer Price Index, All items",1999M12,93.7
Canada,"Consumer Price Index, All items",2000M1,93.5
Canada,"Consumer Price Index, All items",2000M2,94.1
Canada,"Consumer Price Index, All items",2000M3,94.8
Canada,"Consumer Price Index, All items",2000M4,94.5
Canada,"Consumer Price Index, All items",2000M5,94.9
Canada,"Consumer Price Index, All items",2000M6,95.5
Canada,"Consumer Price Index, All items",2000M7,95.8
Canada,"Consumer Price Index, All items",2000M8,95.7
Canada,"Consumer Price Index, All items",2000M9,96.1
Canada,"Consumer Price Index, All items",2000M10,96.3
Canada,"Consumer Price Index, All items",2000M11,96.6
Canada,"Consumer Price Index, All items",2000M12,96.7
Canada,"Consumer Price Index, All items",2001M1,96.3
Canada,"Consumer Price Index, All items",2001M2,96.8
Canada,"Consumer Price Index, All items",2001M3,97.1
Canada,"Consumer Price Index, All items",2001M4,97.8
Canada,"Consumer Price Index, All items",2001M5,98.6
Canada,"Consumer Price Index, All items",2001M6,98.7
Canada,"Consumer Price Index, All items",2001M7,98.4
Canada,"Consumer Price Index, All items",2001M8,98.4
Canada,"Consumer Price Index, All items",2001M9,98.6
Canada,"Consumer Price Index, All items",2001M10,98.1
Canada,"Consumer Price Index, All items",2001M11,97.2
Canada,"Consumer Price Index, All items",2001M12,97.4
Canada,"Consumer Price Index, All items",2002M1,97.6
Canada,"Consumer Price Index, All items",2002M2,98.2
Canada,"Consumer Price Index, All items",2002M3,98.9
Canada,"Consumer Price Index, All items",2002M4,99.5
Canada,"Consumer Price Index, All items",2002M5,99.7
Canada,"Consumer Price Index, All items",2002M6,99.9
Canada,"Consumer Price Index, All items",2002M7,100.5
Canada,"Consumer Price Index, All items",2002M8,100.9
Canada,"Consumer Price Index, All items",2002M9,100.9
Canada,"Consumer Price Index, All items",2002M10,101.2
Canada,"Consumer Price Index, All items",2002M11,101.5
Canada,"Consumer Price Index, All items",2002M12,101.1
Canada,"Consumer Price Index, All items",2003M1,102
Canada,"Consumer Price Index, All items",2003M2,102.8
Canada,"Consumer Price Index, All items",2003M3,103.1
Canada,"Consumer Price Index, All items",2003M4,102.4
Canada,"Consumer Price Index, All items",2003M5,102.5
Canada,"Consumer Price Index, All items",2003M6,102.5
Canada,"Consumer Price Index, All items",2003M7,102.6
Canada,"Consumer Price Index, All items",2003M8,102.9
Canada,"Consumer Price Index, All items",2003M9,103.1
Canada,"Consumer Price Index, All items",2003M10,102.8
Canada,"Consumer Price Index, All items",2003M11,103.1
Canada,"Consumer Price Index, All items",2003M12,103.2
Canada,"Consumer Price Index, All items",2004M1,103.3
Canada,"Consumer Price Index, All items",2004M2,103.5
Canada,"Consumer Price Index, All items",2004M3,103.9
Canada,"Consumer Price Index, All items",2004M4,104.1
Canada,"Consumer Price Index, All items",2004M5,105
Canada,"Consumer Price Index, All items",2004M6,105.1
Canada,"Consumer Price Index, All items",2004M7,105
Canada,"Consumer Price Index, All items",2004M8,104.8
Canada,"Consumer Price Index, All items",2004M9,105
Canada,"Consumer Price Index, All items",2004M10,105.2
Canada,"Consumer Price Index, All items",2004M11,105.6
Canada,"Consumer Price Index, All items",2004M12,105.4
Canada,"Consumer Price Index, All items",2005M1,105.3
Canada,"Consumer Price Index, All items",2005M2,105.7
Canada,"Consumer Price Index, All items",2005M3,106.3
Canada,"Consumer Price Index, All items",2005M4,106.6
Canada,"Consumer Price Index, All items",2005M5,106.7
Canada,"Consumer Price Index, All items",2005M6,106.9
Canada,"Consumer Price Index, All items",2005M7,107.1
Canada,"Consumer Price Index, All items",2005M8,107.5
Canada,"Consumer Price Index, All items",2005M9,108.4
Canada,"Consumer Price Index, All items",2005M10,107.9
Canada,"Consumer Price Index, All items",2005M11,107.7
Canada,"Consumer Price Index, All items",2005M12,107.6
Canada,"Consumer Price Index, All items",2006M1,108.2
Canada,"Consumer Price Index, All items",2006M2,108
Canada,"Consumer Price Index, All items",2006M3,108.6
Canada,"Consumer Price Index, All items",2006M4,109.2
Canada,"Consumer Price Index, All items",2006M5,109.7
Canada,"Consumer Price Index, All items",2006M6,109.5
Canada,"Consumer Price Index, All items",2006M7,109.6
Canada,"Consumer Price Index, All items",2006M8,109.8
Canada,"Consumer Price Index, All items",2006M9,109.2
Canada,"Consumer Price Index, All items",2006M10,109
Canada,"Consumer Price Index, All items",2006M11,109.2
Canada,"Consumer Price Index, All items",2006M12,109.4
Canada,"Consumer Price Index, All items",2007M1,109.4
Canada,"Consumer Price Index, All items",2007M2,110.2
Canada,"Consumer Price Index, All items",2007M3,111.1
Canada,"Consumer Price Index, All items",2007M4,111.6
Canada,"Consumer Price Index, All items",2007M5,112.1
Canada,"Consumer Price Index, All items",2007M6,111.9
Canada,"Consumer Price Index, All items",2007M7,112
Canada,"Consumer Price Index, All items",2007M8,111.7
Canada,"Consumer Price Index, All items",2007M9,111.9
Canada,"Consumer Price Index, All items",2007M10,111.6
Canada,"Consumer Price Index, All items",2007M11,111.9
Canada,"Consumer Price Index, All items",2007M12,112
Canada,"Consumer Price Index, All items",2008M1,111.8
Canada,"Consumer Price Index, All items",2008M2,112.2
Canada,"Consumer Price Index, All items",2008M3,112.6
Canada,"Consumer Price Index, All items",2008M4,113.5
Canada,"Consumer Price Index, All items",2008M5,114.6
Canada,"Consumer Price Index, All items",2008M6,115.4
Canada,"Consumer Price Index, All items",2008M7,115.8
Canada,"Consumer Price Index, All items",2008M8,115.6
Canada,"Consumer Price Index, All items",2008M9,115.7
Canada,"Consumer Price Index, All items",2008M10,114.5
Canada,"Consumer Price Index, All items",2008M11,114.1
Canada,"Consumer Price Index, All items",2008M12,113.3
Canada,"Consumer Price Index, All items",2009M1,113
Canada,"Consumer Price Index, All items",2009M2,113.8
Canada,"Consumer Price Index, All items",2009M3,114
Canada,"Consumer Price Index, All items",2009M4,113.9
Canada,"Consumer Price Index, All items",2009M5,114.7
Canada,"Consumer Price Index, All items",2009M6,115.1
Canada,"Consumer Price Index, All items",2009M7,114.7
Canada,"Consumer Price Index, All items",2009M8,114.7
Canada,"Consumer Price Index, All items",2009M9,114.7
Canada,"Consumer Price Index, All items",2009M10,114.6
Canada,"Consumer Price Index, All items",2009M11,115.2
Canada,"Consumer Price Index, All items",2009M12,114.8
Canada,"Consumer Price Index, All items",2010M1,115.1
Canada,"Consumer Price Index, All items",2010M2,115.6
Canada,"Consumer Price Index, All items",2010M3,115.6
Canada,"Consumer Price Index, All items",2010M4,116
Canada,"Consumer Price Index, All items",2010M5,116.3
Canada,"Consumer Price Index, All items",2010M6,116.2
Canada,"Consumer Price Index, All items",2010M7,116.8
Canada,"Consumer Price Index, All items",2010M8,116.7
Canada,"Consumer Price Index, All items",2010M9,116.9
Canada,"Consumer Price Index, All items",2010M10,117.4
Canada,"Consumer Price Index, All items",2010M11,117.5
Canada,"Consumer Price Index, All items",2010M12,117.5
Canada,"Consumer Price Index, All items",2011M1,117.8
Canada,"Consumer Price Index, All items",2011M2,118.1
Canada,"Consumer Price Index, All items",2011M3,119.4
Canada,"Consumer Price Index, All items",2011M4,119.8
Canada,"Consumer Price Index, All items",2011M5,120.6
Canada,"Consumer Price Index, All items",2011M6,119.8
Canada,"Consumer Price Index, All items",2011M7,120
Canada,"Consumer Price Index, All items",2011M8,120.3
Canada,"Consumer Price Index, All items",2011M9,120.6
Canada,"Consumer Price Index, All items",2011M10,120.8
Canada,"Consumer Price Index, All items",2011M11,120.9
Canada,"Consumer Price Index, All items",2011M12,120.2
Canada,"Consumer Price Index, All items",2012M1,120.7
Canada,"Consumer Price Index, All items",2012M2,121.2
Canada,"Consumer Price Index, All items",2012M3,121.7
Canada,"Consumer Price Index, All items",2012M4,122.2
Canada,"Consumer Price Index, All items",2012M5,122.1
Canada,"Consumer Price Index, All items",2012M6,121.6
Canada,"Consumer Price Index, All items",2012M7,121.5
Canada,"Consumer Price Index, All items",2012M8,121.8
Canada,"Consumer Price Index, All items",2012M9,122
Canada,"Consumer Price Index, All items",2012M10,122.2
Canada,"Consumer Price Index, All items",2012M11,121.9
Canada,"Consumer Price Index, All items",2012M12,121.2
Canada,"Consumer Price Index, All items",2013M1,121.3
Canada,"Consumer Price Index, All items",2013M2,122.7
Canada,"Consumer Price Index, All items",2013M3,122.9
Canada,"Consumer Price Index, All items",2013M4,122.7
Canada,"Consumer Price Index, All items",2013M5,123
Canada,"Consumer Price Index, All items",2013M6,123
Canada,"Consumer Price Index, All items",2013M7,123.1
Canada,"Consumer Price Index, All items",2013M8,123.1
Canada,"Consumer Price Index, All items",2013M9,123.3
Canada,"Consumer Price Index, All items",2013M10,123
Canada,"Consumer Price Index, All items",2013M11,123
Canada,"Consumer Price Index, All items",2013M12,122.7
Canada,"Consumer Price Index, All items",2014M1,123.1
Canada,"Consumer Price Index, All items",2014M2,124.1
Canada,"Consumer Price Index, All items",2014M3,124.8
Canada,"Consumer Price Index, All items",2014M4,125.2
Canada,"Consumer Price Index, All items",2014M5,125.8
Canada,"Consumer Price Index, All items",2014M6,125.9
Canada,"Consumer Price Index, All items",2014M7,125.7
Canada,"Consumer Price Index, All items",2014M8,125.7
Canada,"Consumer Price Index, All items",2014M9,125.8
Canada,"Consumer Price Index, All items",2014M10,125.9
Canada,"Consumer Price Index, All items",2014M11,125.4
Canada,"Consumer Price Index, All items",2014M12,124.5
Canada,"Consumer Price Index, All items",2015M1,124.3
Canada,"Consumer Price Index, All items",2015M2,125.4
Canada,"Consumer Price Index, All items",2015M3,126.3
Canada,"Consumer Price Index, All items",2015M4,126.2
Canada,"Consumer Price Index, All items",2015M5,126.9
Canada,"Consumer Price Index, All items",2015M6,127.2
Canada,"Consumer Price Index, All items",2015M7,127.3
Canada,"Consumer Price Index, All items",2015M8,127.3
Canada,"Consumer Price Index, All items",2015M9,127.1
Canada,"Consumer Price Index, All items",2015M10,127.2
Canada,"Consumer Price Index, All items",2015M11,127.1
Canada,"Consumer Price Index, All items",2015M12,126.5
Canada,"Consumer Price Index, All items",2016M1,126.8
Canada,"Consumer Price Index, All items",2016M2,127.1
Canada,"Consumer Price Index, All items",2016M3,127.9
Canada,"Consumer Price Index, All items",2016M4,128.3
Canada,"Consumer Price Index, All items",2016M5,128.8
Canada,"Consumer Price Index, All items",2016M6,129.1
Canada,"Consumer Price Index, All items",2016M7,128.9
Canada,"Consumer Price Index, All items",2016M8,128.7
Canada,"Consumer Price Index, All items",2016M9,128.8
Canada,"Consumer Price Index, All items",2016M10,129.1
Canada,"Consumer Price Index, All items",2016M11,128.6
Canada,"Consumer Price Index, All items",2016M12,128.4
Canada,"Consumer Price Index, All items",2017M1,129.5
Canada,"Consumer Price Index, All items",2017M2,129.7
Canada,"Consumer Price Index, All items",2017M3,129.9
Canada,"Consumer Price Index, All items",2017M4,130.4
Canada,"Consumer Price Index, All items",2017M5,130.5
Canada,"Consumer Price Index, All items",2017M6,130.4
Canada,"Consumer Price Index, All items",2017M7,130.4
Canada,"Consumer Price Index, All items",2017M8,130.5
Canada,"Consumer Price Index, All items",2017M9,130.8
Canada,"Consumer Price Index, All items",2017M10,130.9
Canada,"Consumer Price Index, All items",2017M11,131.3
Canada,"Consumer Price Index, All items",2017M12,130.8
Canada,"Consumer Price Index, All items",2018M1,131.7
Canada,"Consumer Price Index, All items",2018M2,132.5
Canada,"Consumer Price Index, All items",2018M3,132.9
Canada,"Consumer Price Index, All items",2018M4,133.3
Canada,"Consumer Price Index, All items",2018M5,133.4
Canada,"Consumer Price Index, All items",2018M6,133.6
Canada,"Consumer Price Index, All items",2018M7,134.3
Canada,"Consumer Price Index, All items",2018M8,134.2
Canada,"Consumer Price Index, All items",2018M9,133.7
Canada,"Consumer Price Index, All items",2018M10,134.1
Canada,"Consumer Price Index, All items",2018M11,133.5
Canada,"Consumer Price Index, All items",2018M12,133.4
Canada,"Consumer Price Index, All items",2019M1,133.6
Canada,"Consumer Price Index, All items",2019M2,134.5
Canada,"Consumer Price Index, All items",2019M3,135.4
Canada,"Consumer Price Index, All items",2019M4,136
Canada,"Consumer Price Index, All items",2019M5,136.6
Canada,"Consumer Price Index, All items",2019M6,136.3
Canada,"Consumer Price Index, All items",2019M7,137
Canada,"Consumer Price Index, All items",2019M8,136.8
Canada,"Consumer Price Index, All items",2019M9,136.2
Canada,"Consumer Price Index, All items",2019M10,136.6
Canada,"Consumer Price Index, All items",2019M11,136.4
Canada,"Consumer Price Index, All items",2019M12,136.4
Canada,"Consumer Price Index, All items",2020M1,136.8
Canada,"Consumer Price Index, All items",2020M2,137.4
United Kingdom,"Consumer Price Index, All items",1980M1,28.22954
United Kingdom,"Consumer Price Index, All items",1980M2,28.63232
United Kingdom,"Consumer Price Index, All items",1980M3,29.0236
United Kingdom,"Consumer Price Index, All items",1980M4,30.0133
United Kingdom,"Consumer Price Index, All items",1980M5,30.2895
United Kingdom,"Consumer Price Index, All items",1980M6,30.5772
United Kingdom,"Consumer Price Index, All items",1980M7,30.83038
United Kingdom,"Consumer Price Index, All items",1980M8,30.89943
United Kingdom,"Consumer Price Index, All items",1980M9,31.09507
United Kingdom,"Consumer Price Index, All items",1980M10,31.29071
United Kingdom,"Consumer Price Index, All items",1980M11,31.54389
United Kingdom,"Consumer Price Index, All items",1980M12,31.71651
United Kingdom,"Consumer Price Index, All items",1981M1,31.91215
United Kingdom,"Consumer Price Index, All items",1981M2,32.19986
United Kingdom,"Consumer Price Index, All items",1981M3,32.6832
United Kingdom,"Consumer Price Index, All items",1981M4,33.62687
United Kingdom,"Consumer Price Index, All items",1981M5,33.84552
United Kingdom,"Consumer Price Index, All items",1981M6,34.04116
United Kingdom,"Consumer Price Index, All items",1981M7,34.19077
United Kingdom,"Consumer Price Index, All items",1981M8,34.44395
United Kingdom,"Consumer Price Index, All items",1981M9,34.63959
United Kingdom,"Consumer Price Index, All items",1981M10,34.95031
United Kingdom,"Consumer Price Index, All items",1981M11,35.31857
United Kingdom,"Consumer Price Index, All items",1981M12,35.53722
United Kingdom,"Consumer Price Index, All items",1982M1,35.74437
United Kingdom,"Consumer Price Index, All items",1982M2,35.75588
United Kingdom,"Consumer Price Index, All items",1982M3,36.0666
United Kingdom,"Consumer Price Index, All items",1982M4,36.79161
United Kingdom,"Consumer Price Index, All items",1982M5,37.0563
United Kingdom,"Consumer Price Index, All items",1982M6,37.15987
United Kingdom,"Consumer Price Index, All items",1982M7,37.17138
United Kingdom,"Consumer Price Index, All items",1982M8,37.18289
United Kingdom,"Consumer Price Index, All items",1982M9,37.15987
United Kingdom,"Consumer Price Index, All items",1982M10,37.34401
United Kingdom,"Consumer Price Index, All items",1982M11,37.52814
United Kingdom,"Consumer Price Index, All items",1982M12,37.45909
United Kingdom,"Consumer Price Index, All items",1983M1,37.50512
United Kingdom,"Consumer Price Index, All items",1983M2,37.66623
United Kingdom,"Consumer Price Index, All items",1983M3,37.73528
United Kingdom,"Consumer Price Index, All items",1983M4,38.26466
United Kingdom,"Consumer Price Index, All items",1983M5,38.42577
United Kingdom,"Consumer Price Index, All items",1983M6,38.51784
United Kingdom,"Consumer Price Index, All items",1983M7,38.72499
United Kingdom,"Consumer Price Index, All items",1983M8,38.89761
United Kingdom,"Consumer Price Index, All items",1983M9,39.07023
United Kingdom,"Consumer Price Index, All items",1983M10,39.20833
United Kingdom,"Consumer Price Index, All items",1983M11,39.34643
United Kingdom,"Consumer Price Index, All items",1983M12,39.45
United Kingdom,"Consumer Price Index, All items",1984M1,39.42698
United Kingdom,"Consumer Price Index, All items",1984M2,39.5881
United Kingdom,"Consumer Price Index, All items",1984M3,39.71469
United Kingdom,"Consumer Price Index, All items",1984M4,40.24406
United Kingdom,"Consumer Price Index, All items",1984M5,40.39367
United Kingdom,"Consumer Price Index, All items",1984M6,40.49724
United Kingdom,"Consumer Price Index, All items",1984M7,40.45121
United Kingdom,"Consumer Price Index, All items",1984M8,40.83098
United Kingdom,"Consumer Price Index, All items",1984M9,40.91154
United Kingdom,"Consumer Price Index, All items",1984M10,41.16472
United Kingdom,"Consumer Price Index, All items",1984M11,41.29131
United Kingdom,"Consumer Price Index, All items",1984M12,41.25678
United Kingdom,"Consumer Price Index, All items",1985M1,41.40639
United Kingdom,"Consumer Price Index, All items",1985M2,41.7242
United Kingdom,"Consumer Price Index, All items",1985M3,42.13282
United Kingdom,"Consumer Price Index, All items",1985M4,43.04085
United Kingdom,"Consumer Price Index, All items",1985M5,43.22246
United Kingdom,"Consumer Price Index, All items",1985M6,43.31326
United Kingdom,"Consumer Price Index, All items",1985M7,43.22246
United Kingdom,"Consumer Price Index, All items",1985M8,43.35867
United Kingdom,"Consumer Price Index, All items",1985M9,43.31326
United Kingdom,"Consumer Price Index, All items",1985M10,43.40406
United Kingdom,"Consumer Price Index, All items",1985M11,43.54027
United Kingdom,"Consumer Price Index, All items",1985M12,43.58567
United Kingdom,"Consumer Price Index, All items",1986M1,43.67648
United Kingdom,"Consumer Price Index, All items",1986M2,43.85808
United Kingdom,"Consumer Price Index, All items",1986M3,43.90348
United Kingdom,"Consumer Price Index, All items",1986M4,44.3575
United Kingdom,"Consumer Price Index, All items",1986M5,44.4029
United Kingdom,"Consumer Price Index, All items",1986M6,44.4029
United Kingdom,"Consumer Price Index, All items",1986M7,44.2667
United Kingdom,"Consumer Price Index, All items",1986M8,44.4029
United Kingdom,"Consumer Price Index, All items",1986M9,44.62991
United Kingdom,"Consumer Price Index, All items",1986M10,44.72071
United Kingdom,"Consumer Price Index, All items",1986M11,45.08393
United Kingdom,"Consumer Price Index, All items",1986M12,45.22013
United Kingdom,"Consumer Price Index, All items",1987M1,45.40174
United Kingdom,"Consumer Price Index, All items",1987M2,45.58335
United Kingdom,"Consumer Price Index, All items",1987M3,45.67415
United Kingdom,"Consumer Price Index, All items",1987M4,46.21898
United Kingdom,"Consumer Price Index, All items",1987M5,46.26437
United Kingdom,"Consumer Price Index, All items",1987M6,46.26437
United Kingdom,"Consumer Price Index, All items",1987M7,46.21898
United Kingdom,"Consumer Price Index, All items",1987M8,46.35518
United Kingdom,"Consumer Price Index, All items",1987M9,46.49138
United Kingdom,"Consumer Price Index, All items",1987M10,46.71839
United Kingdom,"Consumer Price Index, All items",1987M11,46.9454
United Kingdom,"Consumer Price Index, All items",1987M12,46.9
United Kingdom,"Consumer Price Index, All items",1988M1,46.9
United Kingdom,"Consumer Price Index, All items",1988M2,47
United Kingdom,"Consumer Price Index, All items",1988M3,47.2
United Kingdom,"Consumer Price Index, All items",1988M4,47.8
United Kingdom,"Consumer Price Index, All items",1988M5,48
United Kingdom,"Consumer Price Index, All items",1988M6,48.2
United Kingdom,"Consumer Price Index, All items",1988M7,48.2
United Kingdom,"Consumer Price Index, All items",1988M8,48.5
United Kingdom,"Consumer Price Index, All items",1988M9,48.7
United Kingdom,"Consumer Price Index, All items",1988M10,49
United Kingdom,"Consumer Price Index, All items",1988M11,49.3
United Kingdom,"Consumer Price Index, All items",1988M12,49.3
United Kingdom,"Consumer Price Index, All items",1989M1,49.5
United Kingdom,"Consumer Price Index, All items",1989M2,49.7
United Kingdom,"Consumer Price Index, All items",1989M3,50
United Kingdom,"Consumer Price Index, All items",1989M4,50.5
United Kingdom,"Consumer Price Index, All items",1989M5,50.9
United Kingdom,"Consumer Price Index, All items",1989M6,51
United Kingdom,"Consumer Price Index, All items",1989M7,51
United Kingdom,"Consumer Price Index, All items",1989M8,51.1
United Kingdom,"Consumer Price Index, All items",1989M9,51.5
United Kingdom,"Consumer Price Index, All items",1989M10,51.9
United Kingdom,"Consumer Price Index, All items",1989M11,52.1
United Kingdom,"Consumer Price Index, All items",1989M12,52.2
United Kingdom,"Consumer Price Index, All items",1990M1,52.4
United Kingdom,"Consumer Price Index, All items",1990M2,52.9
United Kingdom,"Consumer Price Index, All items",1990M3,53.1
United Kingdom,"Consumer Price Index, All items",1990M4,54.4
United Kingdom,"Consumer Price Index, All items",1990M5,55
United Kingdom,"Consumer Price Index, All items",1990M6,55.2
United Kingdom,"Consumer Price Index, All items",1990M7,55.2
United Kingdom,"Consumer Price Index, All items",1990M8,55.7
United Kingdom,"Consumer Price Index, All items",1990M9,56.2
United Kingdom,"Consumer Price Index, All items",1990M10,56.7
United Kingdom,"Consumer Price Index, All items",1990M11,56.9
United Kingdom,"Consumer Price Index, All items",1990M12,57
United Kingdom,"Consumer Price Index, All items",1991M1,57
United Kingdom,"Consumer Price Index, All items",1991M2,57.2
United Kingdom,"Consumer Price Index, All items",1991M3,57.5
United Kingdom,"Consumer Price Index, All items",1991M4,58.7
United Kingdom,"Consumer Price Index, All items",1991M5,59.2
United Kingdom,"Consumer Price Index, All items",1991M6,59.5
United Kingdom,"Consumer Price Index, All items",1991M7,59.3
United Kingdom,"Consumer Price Index, All items",1991M8,59.9
United Kingdom,"Consumer Price Index, All items",1991M9,60.1
United Kingdom,"Consumer Price Index, All items",1991M10,60.4
United Kingdom,"Consumer Price Index, All items",1991M11,60.5
United Kingdom,"Consumer Price Index, All items",1991M12,60.7
United Kingdom,"Consumer Price Index, All items",1992M1,60.5
United Kingdom,"Consumer Price Index, All items",1992M2,60.8
United Kingdom,"Consumer Price Index, All items",1992M3,61.1
United Kingdom,"Consumer Price Index, All items",1992M4,61.8
United Kingdom,"Consumer Price Index, All items",1992M5,62.2
United Kingdom,"Consumer Price Index, All items",1992M6,62.2
United Kingdom,"Consumer Price Index, All items",1992M7,62
United Kingdom,"Consumer Price Index, All items",1992M8,62.1
United Kingdom,"Consumer Price Index, All items",1992M9,62.3
United Kingdom,"Consumer Price Index, All items",1992M10,62.5
United Kingdom,"Consumer Price Index, All items",1992M11,62.5
United Kingdom,"Consumer Price Index, All items",1992M12,62.6
United Kingdom,"Consumer Price Index, All items",1993M1,62.4
United Kingdom,"Consumer Price Index, All items",1993M2,62.7
United Kingdom,"Consumer Price Index, All items",1993M3,63
United Kingdom,"Consumer Price Index, All items",1993M4,63.4
United Kingdom,"Consumer Price Index, All items",1993M5,63.6
United Kingdom,"Consumer Price Index, All items",1993M6,63.6
United Kingdom,"Consumer Price Index, All items",1993M7,63.4
United Kingdom,"Consumer Price Index, All items",1993M8,63.7
United Kingdom,"Consumer Price Index, All items",1993M9,64
United Kingdom,"Consumer Price Index, All items",1993M10,64
United Kingdom,"Consumer Price Index, All items",1993M11,63.8
United Kingdom,"Consumer Price Index, All items",1993M12,64
United Kingdom,"Consumer Price Index, All items",1994M1,64
United Kingdom,"Consumer Price Index, All items",1994M2,64.2
United Kingdom,"Consumer Price Index, All items",1994M3,64.4
United Kingdom,"Consumer Price Index, All items",1994M4,64.9
United Kingdom,"Consumer Price Index, All items",1994M5,65.1
United Kingdom,"Consumer Price Index, All items",1994M6,65.1
United Kingdom,"Consumer Price Index, All items",1994M7,64.7
United Kingdom,"Consumer Price Index, All items",1994M8,65.1
United Kingdom,"Consumer Price Index, All items",1994M9,65.2
United Kingdom,"Consumer Price Index, All items",1994M10,65.1
United Kingdom,"Consumer Price Index, All items",1994M11,65.2
United Kingdom,"Consumer Price Index, All items",1994M12,65.5
United Kingdom,"Consumer Price Index, All items",1995M1,65.5
United Kingdom,"Consumer Price Index, All items",1995M2,65.7
United Kingdom,"Consumer Price Index, All items",1995M3,66
United Kingdom,"Consumer Price Index, All items",1995M4,66.4
United Kingdom,"Consumer Price Index, All items",1995M5,66.7
United Kingdom,"Consumer Price Index, All items",1995M6,66.8
United Kingdom,"Consumer Price Index, All items",1995M7,66.6
United Kingdom,"Consumer Price Index, All items",1995M8,66.9
United Kingdom,"Consumer Price Index, All items",1995M9,67.2
United Kingdom,"Consumer Price Index, All items",1995M10,67.1
United Kingdom,"Consumer Price Index, All items",1995M11,67.1
United Kingdom,"Consumer Price Index, All items",1995M12,67.5
United Kingdom,"Consumer Price Index, All items",1996M1,67.4
United Kingdom,"Consumer Price Index, All items",1996M2,67.7
United Kingdom,"Consumer Price Index, All items",1996M3,67.9
United Kingdom,"Consumer Price Index, All items",1996M4,68.3
United Kingdom,"Consumer Price Index, All items",1996M5,68.6
United Kingdom,"Consumer Price Index, All items",1996M6,68.7
United Kingdom,"Consumer Price Index, All items",1996M7,68.3
United Kingdom,"Consumer Price Index, All items",1996M8,68.7
United Kingdom,"Consumer Price Index, All items",1996M9,69
United Kingdom,"Consumer Price Index, All items",1996M10,69.1
United Kingdom,"Consumer Price Index, All items",1996M11,69.2
United Kingdom,"Consumer Price Index, All items",1996M12,69.4
United Kingdom,"Consumer Price Index, All items",1997M1,69.2
United Kingdom,"Consumer Price Index, All items",1997M2,69.3
United Kingdom,"Consumer Price Index, All items",1997M3,69.4
United Kingdom,"Consumer Price Index, All items",1997M4,69.7
United Kingdom,"Consumer Price Index, All items",1997M5,70
United Kingdom,"Consumer Price Index, All items",1997M6,70.1
United Kingdom,"Consumer Price Index, All items",1997M7,70
United Kingdom,"Consumer Price Index, All items",1997M8,70.3
United Kingdom,"Consumer Price Index, All items",1997M9,70.5
United Kingdom,"Consumer Price Index, All items",1997M10,70.6
United Kingdom,"Consumer Price Index, All items",1997M11,70.6
United Kingdom,"Consumer Price Index, All items",1997M12,70.7
United Kingdom,"Consumer Price Index, All items",1998M1,70.4
United Kingdom,"Consumer Price Index, All items",1998M2,70.6
United Kingdom,"Consumer Price Index, All items",1998M3,70.8
United Kingdom,"Consumer Price Index, All items",1998M4,71.2
United Kingdom,"Consumer Price Index, All items",1998M5,71.5
United Kingdom,"Consumer Price Index, All items",1998M6,71.4
United Kingdom,"Consumer Price Index, All items",1998M7,71.2
United Kingdom,"Consumer Price Index, All items",1998M8,71.4
United Kingdom,"Consumer Price Index, All items",1998M9,71.7
United Kingdom,"Consumer Price Index, All items",1998M10,71.7
United Kingdom,"Consumer Price Index, All items",1998M11,71.8
United Kingdom,"Consumer Price Index, All items",1998M12,72
United Kingdom,"Consumer Price Index, All items",1999M1,71.8
United Kingdom,"Consumer Price Index, All items",1999M2,71.9
United Kingdom,"Consumer Price Index, All items",1999M3,72.3
United Kingdom,"Consumer Price Index, All items",1999M4,72.6
United Kingdom,"Consumer Price Index, All items",1999M5,72.8
United Kingdom,"Consumer Price Index, All items",1999M6,72.7
United Kingdom,"Consumer Price Index, All items",1999M7,72.4
United Kingdom,"Consumer Price Index, All items",1999M8,72.6
United Kingdom,"Consumer Price Index, All items",1999M9,72.8
United Kingdom,"Consumer Price Index, All items",1999M10,72.8
United Kingdom,"Consumer Price Index, All items",1999M11,72.9
United Kingdom,"Consumer Price Index, All items",1999M12,73.1
United Kingdom,"Consumer Price Index, All items",2000M1,72.6
United Kingdom,"Consumer Price Index, All items",2000M2,72.8
United Kingdom,"Consumer Price Index, All items",2000M3,73
United Kingdom,"Consumer Price Index, All items",2000M4,73.3
United Kingdom,"Consumer Price Index, All items",2000M5,73.5
United Kingdom,"Consumer Price Index, All items",2000M6,73.6
United Kingdom,"Consumer Price Index, All items",2000M7,73.3
United Kingdom,"Consumer Price Index, All items",2000M8,73.3
United Kingdom,"Consumer Price Index, All items",2000M9,73.8
United Kingdom,"Consumer Price Index, All items",2000M10,73.8
United Kingdom,"Consumer Price Index, All items",2000M11,74
United Kingdom,"Consumer Price Index, All items",2000M12,74
United Kingdom,"Consumer Price Index, All items",2001M1,73.5
United Kingdom,"Consumer Price Index, All items",2001M2,73.7
United Kingdom,"Consumer Price Index, All items",2001M3,73.9
United Kingdom,"Consumer Price Index, All items",2001M4,74.4
United Kingdom,"Consumer Price Index, All items",2001M5,74.9
United Kingdom,"Consumer Price Index, All items",2001M6,75
United Kingdom,"Consumer Price Index, All items",2001M7,74.5
United Kingdom,"Consumer Price Index, All items",2001M8,74.8
United Kingdom,"Consumer Price Index, All items",2001M9,75
United Kingdom,"Consumer Price Index, All items",2001M10,74.9
United Kingdom,"Consumer Price Index, All items",2001M11,74.9
United Kingdom,"Consumer Price Index, All items",2001M12,75
United Kingdom,"Consumer Price Index, All items",2002M1,74.8
United Kingdom,"Consumer Price Index, All items",2002M2,75
United Kingdom,"Consumer Price Index, All items",2002M3,75.2
United Kingdom,"Consumer Price Index, All items",2002M4,75.6
United Kingdom,"Consumer Price Index, All items",2002M5,75.8
United Kingdom,"Consumer Price Index, All items",2002M6,75.8
United Kingdom,"Consumer Price Index, All items",2002M7,75.6
United Kingdom,"Consumer Price Index, All items",2002M8,75.8
United Kingdom,"Consumer Price Index, All items",2002M9,76
United Kingdom,"Consumer Price Index, All items",2002M10,76.1
United Kingdom,"Consumer Price Index, All items",2002M11,76.1
United Kingdom,"Consumer Price Index, All items",2002M12,76.3
United Kingdom,"Consumer Price Index, All items",2003M1,75.9
United Kingdom,"Consumer Price Index, All items",2003M2,76.1
United Kingdom,"Consumer Price Index, All items",2003M3,76.4
United Kingdom,"Consumer Price Index, All items",2003M4,76.8
United Kingdom,"Consumer Price Index, All items",2003M5,76.8
United Kingdom,"Consumer Price Index, All items",2003M6,76.7
United Kingdom,"Consumer Price Index, All items",2003M7,76.6
United Kingdom,"Consumer Price Index, All items",2003M8,76.8
United Kingdom,"Consumer Price Index, All items",2003M9,77
United Kingdom,"Consumer Price Index, All items",2003M10,77.1
United Kingdom,"Consumer Price Index, All items",2003M11,77.1
United Kingdom,"Consumer Price Index, All items",2003M12,77.3
United Kingdom,"Consumer Price Index, All items",2004M1,77
United Kingdom,"Consumer Price Index, All items",2004M2,77.2
United Kingdom,"Consumer Price Index, All items",2004M3,77.3
United Kingdom,"Consumer Price Index, All items",2004M4,77.6
United Kingdom,"Consumer Price Index, All items",2004M5,77.9
United Kingdom,"Consumer Price Index, All items",2004M6,77.9
United Kingdom,"Consumer Price Index, All items",2004M7,77.7
United Kingdom,"Consumer Price Index, All items",2004M8,77.9
United Kingdom,"Consumer Price Index, All items",2004M9,77.9
United Kingdom,"Consumer Price Index, All items",2004M10,78.1
United Kingdom,"Consumer Price Index, All items",2004M11,78.3
United Kingdom,"Consumer Price Index, All items",2004M12,78.6
United Kingdom,"Consumer Price Index, All items",2005M1,78.3
United Kingdom,"Consumer Price Index, All items",2005M2,78.5
United Kingdom,"Consumer Price Index, All items",2005M3,78.8
United Kingdom,"Consumer Price Index, All items",2005M4,79.1
United Kingdom,"Consumer Price Index, All items",2005M5,79.4
United Kingdom,"Consumer Price Index, All items",2005M6,79.4
United Kingdom,"Consumer Price Index, All items",2005M7,79.5
United Kingdom,"Consumer Price Index, All items",2005M8,79.7
United Kingdom,"Consumer Price Index, All items",2005M9,79.9
United Kingdom,"Consumer Price Index, All items",2005M10,80
United Kingdom,"Consumer Price Index, All items",2005M11,80
United Kingdom,"Consumer Price Index, All items",2005M12,80.3
United Kingdom,"Consumer Price Index, All items",2006M1,80
United Kingdom,"Consumer Price Index, All items",2006M2,80.2
United Kingdom,"Consumer Price Index, All items",2006M3,80.4
United Kingdom,"Consumer Price Index, All items",2006M4,80.9
United Kingdom,"Consumer Price Index, All items",2006M5,81.3
United Kingdom,"Consumer Price Index, All items",2006M6,81.5
United Kingdom,"Consumer Price Index, All items",2006M7,81.5
United Kingdom,"Consumer Price Index, All items",2006M8,81.8
United Kingdom,"Consumer Price Index, All items",2006M9,81.9
United Kingdom,"Consumer Price Index, All items",2006M10,82
United Kingdom,"Consumer Price Index, All items",2006M11,82.2
United Kingdom,"Consumer Price Index, All items",2006M12,82.6
United Kingdom,"Consumer Price Index, All items",2007M1,82.1
United Kingdom,"Consumer Price Index, All items",2007M2,82.4
United Kingdom,"Consumer Price Index, All items",2007M3,82.8
United Kingdom,"Consumer Price Index, All items",2007M4,83.1
United Kingdom,"Consumer Price Index, All items",2007M5,83.3
United Kingdom,"Consumer Price Index, All items",2007M6,83.5
United Kingdom,"Consumer Price Index, All items",2007M7,83.1
United Kingdom,"Consumer Price Index, All items",2007M8,83.4
United Kingdom,"Consumer Price Index, All items",2007M9,83.5
United Kingdom,"Consumer Price Index, All items",2007M10,83.8
United Kingdom,"Consumer Price Index, All items",2007M11,84.1
United Kingdom,"Consumer Price Index, All items",2007M12,84.5
United Kingdom,"Consumer Price Index, All items",2008M1,84.1
United Kingdom,"Consumer Price Index, All items",2008M2,84.6
United Kingdom,"Consumer Price Index, All items",2008M3,84.9
United Kingdom,"Consumer Price Index, All items",2008M4,85.6
United Kingdom,"Consumer Price Index, All items",2008M5,86.1
United Kingdom,"Consumer Price Index, All items",2008M6,86.6
United Kingdom,"Consumer Price Index, All items",2008M7,86.6
United Kingdom,"Consumer Price Index, All items",2008M8,87.1
United Kingdom,"Consumer Price Index, All items",2008M9,87.5
United Kingdom,"Consumer Price Index, All items",2008M10,87.3
United Kingdom,"Consumer Price Index, All items",2008M11,87.3
United Kingdom,"Consumer Price Index, All items",2008M12,87.1
United Kingdom,"Consumer Price Index, All items",2009M1,86.6
United Kingdom,"Consumer Price Index, All items",2009M2,87.2
United Kingdom,"Consumer Price Index, All items",2009M3,87.3
United Kingdom,"Consumer Price Index, All items",2009M4,87.5
United Kingdom,"Consumer Price Index, All items",2009M5,87.9
United Kingdom,"Consumer Price Index, All items",2009M6,88.1
United Kingdom,"Consumer Price Index, All items",2009M7,88
United Kingdom,"Consumer Price Index, All items",2009M8,88.3
United Kingdom,"Consumer Price Index, All items",2009M9,88.3
United Kingdom,"Consumer Price Index, All items",2009M10,88.4
United Kingdom,"Consumer Price Index, All items",2009M11,88.6
United Kingdom,"Consumer Price Index, All items",2009M12,88.9
United Kingdom,"Consumer Price Index, All items",2010M1,88.8
United Kingdom,"Consumer Price Index, All items",2010M2,89
United Kingdom,"Consumer Price Index, All items",2010M3,89.4
United Kingdom,"Consumer Price Index, All items",2010M4,89.9
United Kingdom,"Consumer Price Index, All items",2010M5,90.1
United Kingdom,"Consumer Price Index, All items",2010M6,90.2
United Kingdom,"Consumer Price Index, All items",2010M7,90
United Kingdom,"Consumer Price Index, All items",2010M8,90.4
United Kingdom,"Consumer Price Index, All items",2010M9,90.4
United Kingdom,"Consumer Price Index, All items",2010M10,90.6
United Kingdom,"Consumer Price Index, All items",2010M11,90.9
United Kingdom,"Consumer Price Index, All items",2010M12,91.7
United Kingdom,"Consumer Price Index, All items",2011M1,91.8
United Kingdom,"Consumer Price Index, All items",2011M2,92.3
United Kingdom,"Consumer Price Index, All items",2011M3,92.6
United Kingdom,"Consumer Price Index, All items",2011M4,93.3
United Kingdom,"Consumer Price Index, All items",2011M5,93.5
United Kingdom,"Consumer Price Index, All items",2011M6,93.5
United Kingdom,"Consumer Price Index, All items",2011M7,93.5
United Kingdom,"Consumer Price Index, All items",2011M8,93.9
United Kingdom,"Consumer Price Index, All items",2011M9,94.5
United Kingdom,"Consumer Price Index, All items",2011M10,94.5
United Kingdom,"Consumer Price Index, All items",2011M11,94.7
United Kingdom,"Consumer Price Index, All items",2011M12,95
United Kingdom,"Consumer Price Index, All items",2012M1,94.7
United Kingdom,"Consumer Price Index, All items",2012M2,95.2
United Kingdom,"Consumer Price Index, All items",2012M3,95.4
United Kingdom,"Consumer Price Index, All items",2012M4,95.9
United Kingdom,"Consumer Price Index, All items",2012M5,95.9
United Kingdom,"Consumer Price Index, All items",2012M6,95.6
United Kingdom,"Consumer Price Index, All items",2012M7,95.7
United Kingdom,"Consumer Price Index, All items",2012M8,96.1
United Kingdom,"Consumer Price Index, All items",2012M9,96.4
United Kingdom,"Consumer Price Index, All items",2012M10,96.8
United Kingdom,"Consumer Price Index, All items",2012M11,97
United Kingdom,"Consumer Price Index, All items",2012M12,97.3
United Kingdom,"Consumer Price Index, All items",2013M1,97
United Kingdom,"Consumer Price Index, All items",2013M2,97.5
United Kingdom,"Consumer Price Index, All items",2013M3,97.8
United Kingdom,"Consumer Price Index, All items",2013M4,98
United Kingdom,"Consumer Price Index, All items",2013M5,98.2
United Kingdom,"Consumer Price Index, All items",2013M6,98
United Kingdom,"Consumer Price Index, All items",2013M7,98
United Kingdom,"Consumer Price Index, All items",2013M8,98.4
United Kingdom,"Consumer Price Index, All items",2013M9,98.7
United Kingdom,"Consumer Price Index, All items",2013M10,98.8
United Kingdom,"Consumer Price Index, All items",2013M11,98.8
United Kingdom,"Consumer Price Index, All items",2013M12,99.2
United Kingdom,"Consumer Price Index, All items",2014M1,98.7
United Kingdom,"Consumer Price Index, All items",2014M2,99.1
United Kingdom,"Consumer Price Index, All items",2014M3,99.3
United Kingdom,"Consumer Price Index, All items",2014M4,99.6
United Kingdom,"Consumer Price Index, All items",2014M5,99.6
United Kingdom,"Consumer Price Index, All items",2014M6,99.8
United Kingdom,"Consumer Price Index, All items",2014M7,99.6
United Kingdom,"Consumer Price Index, All items",2014M8,99.9
United Kingdom,"Consumer Price Index, All items",2014M9,100
United Kingdom,"Consumer Price Index, All items",2014M10,100.1
United Kingdom,"Consumer Price Index, All items",2014M11,99.9
United Kingdom,"Consumer Price Index, All items",2014M12,99.9
United Kingdom,"Consumer Price Index, All items",2015M1,99.2
United Kingdom,"Consumer Price Index, All items",2015M2,99.5
United Kingdom,"Consumer Price Index, All items",2015M3,99.6
United Kingdom,"Consumer Price Index, All items",2015M4,99.9
United Kingdom,"Consumer Price Index, All items",2015M5,100.1
United Kingdom,"Consumer Price Index, All items",2015M6,100.1
United Kingdom,"Consumer Price Index, All items",2015M7,100
United Kingdom,"Consumer Price Index, All items",2015M8,100.3
United Kingdom,"Consumer Price Index, All items",2015M9,100.2
United Kingdom,"Consumer Price Index, All items",2015M10,100.3
United Kingdom,"Consumer Price Index, All items",2015M11,100.3
United Kingdom,"Consumer Price Index, All items",2015M12,100.4
United Kingdom,"Consumer Price Index, All items",2016M1,99.9
United Kingdom,"Consumer Price Index, All items",2016M2,100.1
United Kingdom,"Consumer Price Index, All items",2016M3,100.4
United Kingdom,"Consumer Price Index, All items",2016M4,100.6
United Kingdom,"Consumer Price Index, All items",2016M5,100.8
United Kingdom,"Consumer Price Index, All items",2016M6,101
United Kingdom,"Consumer Price Index, All items",2016M7,100.9
United Kingdom,"Consumer Price Index, All items",2016M8,101.2
United Kingdom,"Consumer Price Index, All items",2016M9,101.5
United Kingdom,"Consumer Price Index, All items",2016M10,101.6
United Kingdom,"Consumer Price Index, All items",2016M11,101.8
United Kingdom,"Consumer Price Index, All items",2016M12,102.2
United Kingdom,"Consumer Price Index, All items",2017M1,101.8
United Kingdom,"Consumer Price Index, All items",2017M2,102.4
United Kingdom,"Consumer Price Index, All items",2017M3,102.7
United Kingdom,"Consumer Price Index, All items",2017M4,103.2
United Kingdom,"Consumer Price Index, All items",2017M5,103.5
United Kingdom,"Consumer Price Index, All items",2017M6,103.5
United Kingdom,"Consumer Price Index, All items",2017M7,103.5
United Kingdom,"Consumer Price Index, All items",2017M8,104
United Kingdom,"Consumer Price Index, All items",2017M9,104.3
United Kingdom,"Consumer Price Index, All items",2017M10,104.4
United Kingdom,"Consumer Price Index, All items",2017M11,104.7
United Kingdom,"Consumer Price Index, All items",2017M12,105
United Kingdom,"Consumer Price Index, All items",2018M1,104.5
United Kingdom,"Consumer Price Index, All items",2018M2,104.9
United Kingdom,"Consumer Price Index, All items",2018M3,105.1
United Kingdom,"Consumer Price Index, All items",2018M4,105.5
United Kingdom,"Consumer Price Index, All items",2018M5,105.9
United Kingdom,"Consumer Price Index, All items",2018M6,105.9
United Kingdom,"Consumer Price Index, All items",2018M7,105.9
United Kingdom,"Consumer Price Index, All items",2018M8,106.5
United Kingdom,"Consumer Price Index, All items",2018M9,106.6
United Kingdom,"Consumer Price Index, All items",2018M10,106.7
United Kingdom,"Consumer Price Index, All items",2018M11,106.9
United Kingdom,"Consumer Price Index, All items",2018M12,107.1
United Kingdom,"Consumer Price Index, All items",2019M1,106.4
United Kingdom,"Consumer Price Index, All items",2019M2,106.8
United Kingdom,"Consumer Price Index, All items",2019M3,107
United Kingdom,"Consumer Price Index, All items",2019M4,107.6
United Kingdom,"Consumer Price Index, All items",2019M5,107.9
United Kingdom,"Consumer Price Index, All items",2019M6,107.9
United Kingdom,"Consumer Price Index, All items",2019M7,108
United Kingdom,"Consumer Price Index, All items",2019M8,108.3
United Kingdom,"Consumer Price Index, All items",2019M9,108.4
United Kingdom,"Consumer Price Index, All items",2019M10,108.3
United Kingdom,"Consumer Price Index, All items",2019M11,108.5
United Kingdom,"Consumer Price Index, All items",2019M12,108.5
United Kingdom,"Consumer Price Index, All items",2020M1,108.3
United Kingdom,"Consumer Price Index, All items",2020M2,108.6
United States,"Consumer Price Index, All items",1980M1,35.67898998
United States,"Consumer Price Index, All items",1980M2,36.18344871
United States,"Consumer Price Index, All items",1980M3,36.73376732
United States,"Consumer Price Index, All items",1980M4,37.14650628
United States,"Consumer Price Index, All items",1980M5,37.51338535
United States,"Consumer Price Index, All items",1980M6,37.92612431
United States,"Consumer Price Index, All items",1980M7,37.92612431
United States,"Consumer Price Index, All items",1980M8,38.20128362
United States,"Consumer Price Index, All items",1980M9,38.52230281
United States,"Consumer Price Index, All items",1980M10,38.88918188
United States,"Consumer Price Index, All items",1980M11,39.21020107
United States,"Consumer Price Index, All items",1980M12,39.57708015
United States,"Consumer Price Index, All items",1981M1,39.89809934
United States,"Consumer Price Index, All items",1981M2,40.3108383
United States,"Consumer Price Index, All items",1981M3,40.5859976
United States,"Consumer Price Index, All items",1981M4,40.86115691
United States,"Consumer Price Index, All items",1981M5,41.1821761
United States,"Consumer Price Index, All items",1981M6,41.54905517
United States,"Consumer Price Index, All items",1981M7,42.00765401
United States,"Consumer Price Index, All items",1981M8,42.3286732
United States,"Consumer Price Index, All items",1981M9,42.74141216
United States,"Consumer Price Index, All items",1981M10,42.83313193
United States,"Consumer Price Index, All items",1981M11,42.97071158
United States,"Consumer Price Index, All items",1981M12,43.10829124
United States,"Consumer Price Index, All items",1982M1,43.24587089
United States,"Consumer Price Index, All items",1982M2,43.38345054
United States,"Consumer Price Index, All items",1982M3,43.33759066
United States,"Consumer Price Index, All items",1982M4,43.5210302
United States,"Consumer Price Index, All items",1982M5,43.93376916
United States,"Consumer Price Index, All items",1982M6,44.48408777
United States,"Consumer Price Index, All items",1982M7,44.71338719
United States,"Consumer Price Index, All items",1982M8,44.80510696
United States,"Consumer Price Index, All items",1982M9,44.89682673
United States,"Consumer Price Index, All items",1982M10,45.03440638
United States,"Consumer Price Index, All items",1982M11,44.94268661
United States,"Consumer Price Index, All items",1982M12,44.75924707
United States,"Consumer Price Index, All items",1983M1,44.85096684
United States,"Consumer Price Index, All items",1983M2,44.89682673
United States,"Consumer Price Index, All items",1983M3,44.89682673
United States,"Consumer Price Index, All items",1983M4,45.21784592
United States,"Consumer Price Index, All items",1983M5,45.49300522
United States,"Consumer Price Index, All items",1983M6,45.63058487
United States,"Consumer Price Index, All items",1983M7,45.81402441
United States,"Consumer Price Index, All items",1983M8,45.95160406
United States,"Consumer Price Index, All items",1983M9,46.18090349
United States,"Consumer Price Index, All items",1983M10,46.31848314
United States,"Consumer Price Index, All items",1983M11,46.41020291
United States,"Consumer Price Index, All items",1983M12,46.45606279
United States,"Consumer Price Index, All items",1984M1,46.7312221
United States,"Consumer Price Index, All items",1984M2,46.96052152
United States,"Consumer Price Index, All items",1984M3,47.05224129
United States,"Consumer Price Index, All items",1984M4,47.28154071
United States,"Consumer Price Index, All items",1984M5,47.41912036
United States,"Consumer Price Index, All items",1984M6,47.55670001
United States,"Consumer Price Index, All items",1984M7,47.74013955
United States,"Consumer Price Index, All items",1984M8,47.92357909
United States,"Consumer Price Index, All items",1984M9,48.15287851
United States,"Consumer Price Index, All items",1984M10,48.29045816
United States,"Consumer Price Index, All items",1984M11,48.29045816
United States,"Consumer Price Index, All items",1984M12,48.29045816
United States,"Consumer Price Index, All items",1985M1,48.38217793
United States,"Consumer Price Index, All items",1985M2,48.61147735
United States,"Consumer Price Index, All items",1985M3,48.79491689
United States,"Consumer Price Index, All items",1985M4,49.02421631
United States,"Consumer Price Index, All items",1985M5,49.20765585
United States,"Consumer Price Index, All items",1985M6,49.3452355
United States,"Consumer Price Index, All items",1985M7,49.43695527
United States,"Consumer Price Index, All items",1985M8,49.52867504
United States,"Consumer Price Index, All items",1985M9,49.66625469
United States,"Consumer Price Index, All items",1985M10,49.84969423
United States,"Consumer Price Index, All items",1985M11,49.98727388
United States,"Consumer Price Index, All items",1985M12,50.12485353
United States,"Consumer Price Index, All items",1986M1,50.26243319
United States,"Consumer Price Index, All items",1986M2,50.12485353
United States,"Consumer Price Index, All items",1986M3,49.89555411
United States,"Consumer Price Index, All items",1986M4,49.80383434
United States,"Consumer Price Index, All items",1986M5,49.941414
United States,"Consumer Price Index, All items",1986M6,50.2165733
United States,"Consumer Price Index, All items",1986M7,50.2165733
United States,"Consumer Price Index, All items",1986M8,50.30829307
United States,"Consumer Price Index, All items",1986M9,50.53759249
United States,"Consumer Price Index, All items",1986M10,50.58345238
United States,"Consumer Price Index, All items",1986M11,50.62931226
United States,"Consumer Price Index, All items",1986M12,50.67517215
United States,"Consumer Price Index, All items",1987M1,50.99619134
United States,"Consumer Price Index, All items",1987M2,51.17963087
United States,"Consumer Price Index, All items",1987M3,51.4089303
United States,"Consumer Price Index, All items",1987M4,51.6840896
United States,"Consumer Price Index, All items",1987M5,51.86752914
United States,"Consumer Price Index, All items",1987M6,52.05096868
United States,"Consumer Price Index, All items",1987M7,52.18854833
United States,"Consumer Price Index, All items",1987M8,52.46370763
United States,"Consumer Price Index, All items",1987M9,52.73886694
United States,"Consumer Price Index, All items",1987M10,52.87644659
United States,"Consumer Price Index, All items",1987M11,52.92230648
United States,"Consumer Price Index, All items",1987M12,52.92230648
United States,"Consumer Price Index, All items",1988M1,53.05988613
United States,"Consumer Price Index, All items",1988M2,53.19746578
United States,"Consumer Price Index, All items",1988M3,53.4267652
United States,"Consumer Price Index, All items",1988M4,53.70192451
United States,"Consumer Price Index, All items",1988M5,53.88536405
United States,"Consumer Price Index, All items",1988M6,54.11466347
United States,"Consumer Price Index, All items",1988M7,54.34396289
United States,"Consumer Price Index, All items",1988M8,54.57326231
United States,"Consumer Price Index, All items",1988M9,54.94014139
United States,"Consumer Price Index, All items",1988M10,55.12358092
United States,"Consumer Price Index, All items",1988M11,55.16944081
United States,"Consumer Price Index, All items",1988M12,55.26116058
United States,"Consumer Price Index, All items",1989M1,55.53631988
United States,"Consumer Price Index, All items",1989M2,55.7656193
United States,"Consumer Price Index, All items",1989M3,56.08663849
United States,"Consumer Price Index, All items",1989M4,56.45351757
United States,"Consumer Price Index, All items",1989M5,56.77453676
United States,"Consumer Price Index, All items",1989M6,56.91211641
United States,"Consumer Price Index, All items",1989M7,57.04969606
United States,"Consumer Price Index, All items",1989M8,57.14141583
United States,"Consumer Price Index, All items",1989M9,57.32485537
United States,"Consumer Price Index, All items",1989M10,57.60001468
United States,"Consumer Price Index, All items",1989M11,57.73759433
United States,"Consumer Price Index, All items",1989M12,57.8293141
United States,"Consumer Price Index, All items",1990M1,58.42549259
United States,"Consumer Price Index, All items",1990M2,58.7006519
United States,"Consumer Price Index, All items",1990M3,59.02167109
United States,"Consumer Price Index, All items",1990M4,59.11339086
United States,"Consumer Price Index, All items",1990M5,59.25097051
United States,"Consumer Price Index, All items",1990M6,59.5719897
United States,"Consumer Price Index, All items",1990M7,59.80128912
United States,"Consumer Price Index, All items",1990M8,60.35160773
United States,"Consumer Price Index, All items",1990M9,60.85606646
United States,"Consumer Price Index, All items",1990M10,61.22294553
United States,"Consumer Price Index, All items",1990M11,61.36052519
United States,"Consumer Price Index, All items",1990M12,61.36052519
United States,"Consumer Price Index, All items",1991M1,61.72740426
United States,"Consumer Price Index, All items",1991M2,61.81912403
United States,"Consumer Price Index, All items",1991M3,61.9108438
United States,"Consumer Price Index, All items",1991M4,62.00256357
United States,"Consumer Price Index, All items",1991M5,62.1860031
United States,"Consumer Price Index, All items",1991M6,62.36944264
United States,"Consumer Price Index, All items",1991M7,62.46116241
United States,"Consumer Price Index, All items",1991M8,62.64460195
United States,"Consumer Price Index, All items",1991M9,62.91976125
United States,"Consumer Price Index, All items",1991M10,63.01148102
United States,"Consumer Price Index, All items",1991M11,63.19492056
United States,"Consumer Price Index, All items",1991M12,63.24078044
United States,"Consumer Price Index, All items",1992M1,63.33250021
United States,"Consumer Price Index, All items",1992M2,63.56179963
United States,"Consumer Price Index, All items",1992M3,63.88281882
United States,"Consumer Price Index, All items",1992M4,63.97453859
United States,"Consumer Price Index, All items",1992M5,64.06625836
United States,"Consumer Price Index, All items",1992M6,64.29555778
United States,"Consumer Price Index, All items",1992M7,64.43313744
United States,"Consumer Price Index, All items",1992M8,64.61657697
United States,"Consumer Price Index, All items",1992M9,64.80001651
United States,"Consumer Price Index, All items",1992M10,65.02931593
United States,"Consumer Price Index, All items",1992M11,65.1210357
United States,"Consumer Price Index, All items",1992M12,65.07517582
United States,"Consumer Price Index, All items",1993M1,65.39619501
United States,"Consumer Price Index, All items",1993M2,65.62549443
United States,"Consumer Price Index, All items",1993M3,65.85479385
United States,"Consumer Price Index, All items",1993M4,66.03823339
United States,"Consumer Price Index, All items",1993M5,66.12995315
United States,"Consumer Price Index, All items",1993M6,66.22167292
United States,"Consumer Price Index, All items",1993M7,66.22167292
United States,"Consumer Price Index, All items",1993M8,66.40511246
United States,"Consumer Price Index, All items",1993M9,66.54269211
United States,"Consumer Price Index, All items",1993M10,66.81785142
United States,"Consumer Price Index, All items",1993M11,66.8637113
United States,"Consumer Price Index, All items",1993M12,66.8637113
United States,"Consumer Price Index, All items",1994M1,67.04715084
United States,"Consumer Price Index, All items",1994M2,67.27645026
United States,"Consumer Price Index, All items",1994M3,67.50574968
United States,"Consumer Price Index, All items",1994M4,67.59746945
United States,"Consumer Price Index, All items",1994M5,67.64332934
United States,"Consumer Price Index, All items",1994M6,67.87262876
United States,"Consumer Price Index, All items",1994M7,68.05606829
United States,"Consumer Price Index, All items",1994M8,68.3312276
United States,"Consumer Price Index, All items",1994M9,68.51466714
United States,"Consumer Price Index, All items",1994M10,68.56052702
United States,"Consumer Price Index, All items",1994M11,68.65224679
United States,"Consumer Price Index, All items",1994M12,68.65224679
United States,"Consumer Price Index, All items",1995M1,68.9274061
United States,"Consumer Price Index, All items",1995M2,69.2025654
United States,"Consumer Price Index, All items",1995M3,69.43186482
United States,"Consumer Price Index, All items",1995M4,69.66116424
United States,"Consumer Price Index, All items",1995M5,69.7987439
United States,"Consumer Price Index, All items",1995M6,69.93632355
United States,"Consumer Price Index, All items",1995M7,69.93632355
United States,"Consumer Price Index, All items",1995M8,70.11976309
United States,"Consumer Price Index, All items",1995M9,70.25734274
United States,"Consumer Price Index, All items",1995M10,70.48664216
United States,"Consumer Price Index, All items",1995M11,70.44078228
United States,"Consumer Price Index, All items",1995M12,70.39492239
United States,"Consumer Price Index, All items",1996M1,70.80766135
United States,"Consumer Price Index, All items",1996M2,71.03696077
United States,"Consumer Price Index, All items",1996M3,71.40383985
United States,"Consumer Price Index, All items",1996M4,71.67899915
United States,"Consumer Price Index, All items",1996M5,71.81657881
United States,"Consumer Price Index, All items",1996M6,71.86243869
United States,"Consumer Price Index, All items",1996M7,72.00001834
United States,"Consumer Price Index, All items",1996M8,72.137598
United States,"Consumer Price Index, All items",1996M9,72.36689742
United States,"Consumer Price Index, All items",1996M10,72.59619684
United States,"Consumer Price Index, All items",1996M11,72.73377649
United States,"Consumer Price Index, All items",1996M12,72.73377649
United States,"Consumer Price Index, All items",1997M1,72.96307591
United States,"Consumer Price Index, All items",1997M2,73.19237534
United States,"Consumer Price Index, All items",1997M3,73.37581487
United States,"Consumer Price Index, All items",1997M4,73.46753464
United States,"Consumer Price Index, All items",1997M5,73.42167476
United States,"Consumer Price Index, All items",1997M6,73.51339453
United States,"Consumer Price Index, All items",1997M7,73.60511429
United States,"Consumer Price Index, All items",1997M8,73.74269395
United States,"Consumer Price Index, All items",1997M9,73.92613348
United States,"Consumer Price Index, All items",1997M10,74.10957302
United States,"Consumer Price Index, All items",1997M11,74.06371314
United States,"Consumer Price Index, All items",1997M12,73.97199337
United States,"Consumer Price Index, All items",1998M1,74.10957302
United States,"Consumer Price Index, All items",1998M2,74.24715267
United States,"Consumer Price Index, All items",1998M3,74.38473233
United States,"Consumer Price Index, All items",1998M4,74.52231198
United States,"Consumer Price Index, All items",1998M5,74.65989163
United States,"Consumer Price Index, All items",1998M6,74.7516114
United States,"Consumer Price Index, All items",1998M7,74.84333117
United States,"Consumer Price Index, All items",1998M8,74.93505094
United States,"Consumer Price Index, All items",1998M9,75.02677071
United States,"Consumer Price Index, All items",1998M10,75.21021024
United States,"Consumer Price Index, All items",1998M11,75.21021024
United States,"Consumer Price Index, All items",1998M12,75.16435036
United States,"Consumer Price Index, All items",1999M1,75.3477899
United States,"Consumer Price Index, All items",1999M2,75.43950967
United States,"Consumer Price Index, All items",1999M3,75.66880909
United States,"Consumer Price Index, All items",1999M4,76.2191277
United States,"Consumer Price Index, All items",1999M5,76.2191277
United States,"Consumer Price Index, All items",1999M6,76.2191277
United States,"Consumer Price Index, All items",1999M7,76.44842712
United States,"Consumer Price Index, All items",1999M8,76.63186666
United States,"Consumer Price Index, All items",1999M9,76.99874573
United States,"Consumer Price Index, All items",1999M10,77.13632539
United States,"Consumer Price Index, All items",1999M11,77.18218527
United States,"Consumer Price Index, All items",1999M12,77.18218527
United States,"Consumer Price Index, All items",2000M1,77.41148469
United States,"Consumer Price Index, All items",2000M2,77.87008353
United States,"Consumer Price Index, All items",2000M3,78.51212191
United States,"Consumer Price Index, All items",2000M4,78.5579818
United States,"Consumer Price Index, All items",2000M5,78.64970157
United States,"Consumer Price Index, All items",2000M6,79.06244053
United States,"Consumer Price Index, All items",2000M7,79.24588006
United States,"Consumer Price Index, All items",2000M8,79.24588006
United States,"Consumer Price Index, All items",2000M9,79.65861902
United States,"Consumer Price Index, All items",2000M10,79.79619867
United States,"Consumer Price Index, All items",2000M11,79.84205856
United States,"Consumer Price Index, All items",2000M12,79.79619867
United States,"Consumer Price Index, All items",2001M1,80.3006574
United States,"Consumer Price Index, All items",2001M2,80.62167659
United States,"Consumer Price Index, All items",2001M3,80.80511613
United States,"Consumer Price Index, All items",2001M4,81.12613532
United States,"Consumer Price Index, All items",2001M5,81.49301439
United States,"Consumer Price Index, All items",2001M6,81.63059405
United States,"Consumer Price Index, All items",2001M7,81.40129462
United States,"Consumer Price Index, All items",2001M8,81.40129462
United States,"Consumer Price Index, All items",2001M9,81.7681737
United States,"Consumer Price Index, All items",2001M10,81.49301439
United States,"Consumer Price Index, All items",2001M11,81.35543474
United States,"Consumer Price Index, All items",2001M12,81.03441555
United States,"Consumer Price Index, All items",2002M1,81.21785509
United States,"Consumer Price Index, All items",2002M2,81.53887428
United States,"Consumer Price Index, All items",2002M3,81.99747312
United States,"Consumer Price Index, All items",2002M4,82.45607196
United States,"Consumer Price Index, All items",2002M5,82.45607196
United States,"Consumer Price Index, All items",2002M6,82.50193185
United States,"Consumer Price Index, All items",2002M7,82.59365162
United States,"Consumer Price Index, All items",2002M8,82.86881092
United States,"Consumer Price Index, All items",2002M9,83.00639057
United States,"Consumer Price Index, All items",2002M10,83.14397023
United States,"Consumer Price Index, All items",2002M11,83.14397023
United States,"Consumer Price Index, All items",2002M12,82.96053069
United States,"Consumer Price Index, All items",2003M1,83.32740976
United States,"Consumer Price Index, All items",2003M2,83.96944815
United States,"Consumer Price Index, All items",2003M3,84.47390687
United States,"Consumer Price Index, All items",2003M4,84.29046734
United States,"Consumer Price Index, All items",2003M5,84.15288768
United States,"Consumer Price Index, All items",2003M6,84.24460745
United States,"Consumer Price Index, All items",2003M7,84.33632722
United States,"Consumer Price Index, All items",2003M8,84.65734641
United States,"Consumer Price Index, All items",2003M9,84.93250572
United States,"Consumer Price Index, All items",2003M10,84.84078595
United States,"Consumer Price Index, All items",2003M11,84.61148653
United States,"Consumer Price Index, All items",2003M12,84.51976676
United States,"Consumer Price Index, All items",2004M1,84.93250572
United States,"Consumer Price Index, All items",2004M2,85.39110456
United States,"Consumer Price Index, All items",2004M3,85.94142317
United States,"Consumer Price Index, All items",2004M4,86.21658248
United States,"Consumer Price Index, All items",2004M5,86.7210412
United States,"Consumer Price Index, All items",2004M6,86.99620051
United States,"Consumer Price Index, All items",2004M7,86.85862086
United States,"Consumer Price Index, All items",2004M8,86.90448074
United States,"Consumer Price Index, All items",2004M9,87.08792028
United States,"Consumer Price Index, All items",2004M10,87.54651912
United States,"Consumer Price Index, All items",2004M11,87.592379
United States,"Consumer Price Index, All items",2004M12,87.27135981
United States,"Consumer Price Index, All items",2005M1,87.45479935
United States,"Consumer Price Index, All items",2005M2,87.95925808
United States,"Consumer Price Index, All items",2005M3,88.64715634
United States,"Consumer Price Index, All items",2005M4,89.24333484
United States,"Consumer Price Index, All items",2005M5,89.15161507
United States,"Consumer Price Index, All items",2005M6,89.19747495
United States,"Consumer Price Index, All items",2005M7,89.61021391
United States,"Consumer Price Index, All items",2005M8,90.06881276
United States,"Consumer Price Index, All items",2005M9,91.16944998
United States,"Consumer Price Index, All items",2005M10,91.35288952
United States,"Consumer Price Index, All items",2005M11,90.61913137
United States,"Consumer Price Index, All items",2005M12,90.25225229
United States,"Consumer Price Index, All items",2006M1,90.94015056
United States,"Consumer Price Index, All items",2006M2,91.1235901
United States,"Consumer Price Index, All items",2006M3,91.62804882
United States,"Consumer Price Index, All items",2006M4,92.40766686
United States,"Consumer Price Index, All items",2006M5,92.8662657
United States,"Consumer Price Index, All items",2006M6,93.04970524
United States,"Consumer Price Index, All items",2006M7,93.32486454
United States,"Consumer Price Index, All items",2006M8,93.50830408
United States,"Consumer Price Index, All items",2006M9,93.04970524
United States,"Consumer Price Index, All items",2006M10,92.54524651
United States,"Consumer Price Index, All items",2006M11,92.40766686
United States,"Consumer Price Index, All items",2006M12,92.54524651
United States,"Consumer Price Index, All items",2007M1,92.8277434
United States,"Consumer Price Index, All items",2007M2,93.32440594
United States,"Consumer Price Index, All items",2007M3,94.1741896
United States,"Consumer Price Index, All items",2007M4,94.78596046
United States,"Consumer Price Index, All items",2007M5,95.36517079
United States,"Consumer Price Index, All items",2007M6,95.54998613
United States,"Consumer Price Index, All items",2007M7,95.52568039
United States,"Consumer Price Index, All items",2007M8,95.35049563
United States,"Consumer Price Index, All items",2007M9,95.61327277
United States,"Consumer Price Index, All items",2007M10,95.81780785
United States,"Consumer Price Index, All items",2007M11,96.38692902
United States,"Consumer Price Index, All items",2007M12,96.32226658
United States,"Consumer Price Index, All items",2008M1,96.80104377
United States,"Consumer Price Index, All items",2008M2,97.08216486
United States,"Consumer Price Index, All items",2008M3,97.92369374
United States,"Consumer Price Index, All items",2008M4,98.51757924
United States,"Consumer Price Index, All items",2008M5,99.34718455
United States,"Consumer Price Index, All items",2008M6,100.3483058
United States,"Consumer Price Index, All items",2008M7,100.8752359
United States,"Consumer Price Index, All items",2008M8,100.4725861
United States,"Consumer Price Index, All items",2008M9,100.3336307
United States,"Consumer Price Index, All items",2008M10,99.32012722
United States,"Consumer Price Index, All items",2008M11,97.41785921
United States,"Consumer Price Index, All items",2008M12,96.41031756
United States,"Consumer Price Index, All items",2009M1,96.8299355
United States,"Consumer Price Index, All items",2009M2,97.31146428
United States,"Consumer Price Index, All items",2009M3,97.54810129
United States,"Consumer Price Index, All items",2009M4,97.79161727
United States,"Consumer Price Index, All items",2009M5,98.07411416
United States,"Consumer Price Index, All items",2009M6,98.91656023
United States,"Consumer Price Index, All items",2009M7,98.75971943
United States,"Consumer Price Index, All items",2009M8,98.98122267
United States,"Consumer Price Index, All items",2009M9,99.04313351
United States,"Consumer Price Index, All items",2009M10,99.13852207
United States,"Consumer Price Index, All items",2009M11,99.2086877
United States,"Consumer Price Index, All items",2009M12,99.03396154
United States,"Consumer Price Index, All items",2010M1,99.37240748
United States,"Consumer Price Index, All items",2010M2,99.39717182
United States,"Consumer Price Index, All items",2010M3,99.80532479
United States,"Consumer Price Index, All items",2010M4,99.97867515
United States,"Consumer Price Index, All items",2010M5,100.0561784
United States,"Consumer Price Index, All items",2010M6,99.9584968
United States,"Consumer Price Index, All items",2010M7,99.97959235
United States,"Consumer Price Index, All items",2010M8,100.1176306
United States,"Consumer Price Index, All items",2010M9,100.1758727
United States,"Consumer Price Index, All items",2010M10,100.3006115
United States,"Consumer Price Index, All items",2010M11,100.3428026
United States,"Consumer Price Index, All items",2010M12,100.5152358
United States,"Consumer Price Index, All items",2011M1,100.994013
United States,"Consumer Price Index, All items",2011M2,101.4920513
United States,"Consumer Price Index, All items",2011M3,102.4817076
United States,"Consumer Price Index, All items",2011M4,103.1416314
United States,"Consumer Price Index, All items",2011M5,103.6268289
United States,"Consumer Price Index, All items",2011M6,103.515848
United States,"Consumer Price Index, All items",2011M7,103.6075678
United States,"Consumer Price Index, All items",2011M8,103.8932749
United States,"Consumer Price Index, All items",2011M9,104.0510329
United States,"Consumer Price Index, All items",2011M10,103.8364086
United States,"Consumer Price Index, All items",2011M11,103.7488162
United States,"Consumer Price Index, All items",2011M12,103.4929181
United States,"Consumer Price Index, All items",2012M1,103.9483067
United States,"Consumer Price Index, All items",2012M2,104.4059884
United States,"Consumer Price Index, All items",2012M3,105.1989058
United States,"Consumer Price Index, All items",2012M4,105.5167148
United States,"Consumer Price Index, All items",2012M5,105.3928931
United States,"Consumer Price Index, All items",2012M6,105.2383453
United States,"Consumer Price Index, All items",2012M7,105.0668293
United States,"Consumer Price Index, All items",2012M8,105.6515428
United States,"Consumer Price Index, All items",2012M9,106.1229825
United States,"Consumer Price Index, All items",2012M10,106.0817086
United States,"Consumer Price Index, All items",2012M11,105.5790842
United States,"Consumer Price Index, All items",2012M12,105.2947529
United States,"Consumer Price Index, All items",2013M1,105.6061416
United States,"Consumer Price Index, All items",2013M2,106.471059
United States,"Consumer Price Index, All items",2013M3,106.7494285
United States,"Consumer Price Index, All items",2013M4,106.6384476
United States,"Consumer Price Index, All items",2013M5,106.8283075
United States,"Consumer Price Index, All items",2013M6,107.0846642
United States,"Consumer Price Index, All items",2013M7,107.1268553
United States,"Consumer Price Index, All items",2013M8,107.2557216
United States,"Consumer Price Index, All items",2013M9,107.3804605
United States,"Consumer Price Index, All items",2013M10,107.1039254
United States,"Consumer Price Index, All items",2013M11,106.8851737
United States,"Consumer Price Index, All items",2013M12,106.8760018
United States,"Consumer Price Index, All items",2014M1,107.2736069
United States,"Consumer Price Index, All items",2014M2,107.6702949
United States,"Consumer Price Index, All items",2014M3,108.3636964
United States,"Consumer Price Index, All items",2014M4,108.7209449
United States,"Consumer Price Index, All items",2014M5,109.1006647
United States,"Consumer Price Index, All items",2014M6,109.303824
United States,"Consumer Price Index, All items",2014M7,109.2611743
United States,"Consumer Price Index, All items",2014M8,109.078652
United States,"Consumer Price Index, All items",2014M9,109.1607412
United States,"Consumer Price Index, All items",2014M10,108.8864991
United States,"Consumer Price Index, All items",2014M11,108.2985754
United States,"Consumer Price Index, All items",2014M12,107.6845115
United States,"Consumer Price Index, All items",2015M1,107.1777598
United States,"Consumer Price Index, All items",2015M2,107.6432376
United States,"Consumer Price Index, All items",2015M3,108.2839002
United States,"Consumer Price Index, All items",2015M4,108.5040276
United States,"Consumer Price Index, All items",2015M5,109.0570978
United States,"Consumer Price Index, All items",2015M6,109.4391107
United States,"Consumer Price Index, All items",2015M7,109.4464483
United States,"Consumer Price Index, All items",2015M8,109.2914419
United States,"Consumer Price Index, All items",2015M9,109.1213017
United States,"Consumer Price Index, All items",2015M10,109.0722316
United States,"Consumer Price Index, All items",2015M11,108.842015
United States,"Consumer Price Index, All items",2015M12,108.4700913
United States,"Consumer Price Index, All items",2016M1,108.6494035
United States,"Consumer Price Index, All items",2016M2,108.7388303
United States,"Consumer Price Index, All items",2016M3,109.2070597
United States,"Consumer Price Index, All items",2016M4,109.7248178
United States,"Consumer Price Index, All items",2016M5,110.1687414
United States,"Consumer Price Index, All items",2016M6,110.5305759
United States,"Consumer Price Index, All items",2016M7,110.3517224
United States,"Consumer Price Index, All items",2016M8,110.4530727
United States,"Consumer Price Index, All items",2016M9,110.7186015
United States,"Consumer Price Index, All items",2016M10,110.8566397
United States,"Consumer Price Index, All items",2016M11,110.6842065
United States,"Consumer Price Index, All items",2016M12,110.7204359
United States,"Consumer Price Index, All items",2017M1,111.3656844
United States,"Consumer Price Index, All items",2017M2,111.7160539
United States,"Consumer Price Index, All items",2017M3,111.8068565
United States,"Consumer Price Index, All items",2017M4,112.1384235
United States,"Consumer Price Index, All items",2017M5,112.2342706
United States,"Consumer Price Index, All items",2017M6,112.3360796
United States,"Consumer Price Index, All items",2017M7,112.2585764
United States,"Consumer Price Index, All items",2017M8,112.5947293
United States,"Consumer Price Index, All items",2017M9,113.1909078
United States,"Consumer Price Index, All items",2017M10,113.1193664
United States,"Consumer Price Index, All items",2017M11,113.122118
United States,"Consumer Price Index, All items",2017M12,113.0556212
United States,"Consumer Price Index, All items",2018M1,113.6715194
United States,"Consumer Price Index, All items",2018M2,114.1869845
United States,"Consumer Price Index, All items",2018M3,114.4451757
United States,"Consumer Price Index, All items",2018M4,114.9001057
United States,"Consumer Price Index, All items",2018M5,115.3779657
United States,"Consumer Price Index, All items",2018M6,115.5618638
United States,"Consumer Price Index, All items",2018M7,115.56966
United States,"Consumer Price Index, All items",2018M8,115.6338639
United States,"Consumer Price Index, All items",2018M9,115.7682333
United States,"Consumer Price Index, All items",2018M10,115.9727684
United States,"Consumer Price Index, All items",2018M11,115.5843352
United States,"Consumer Price Index, All items",2018M12,115.2151631
United States,"Consumer Price Index, All items",2019M1,115.434832
United States,"Consumer Price Index, All items",2019M2,115.9227811
United States,"Consumer Price Index, All items",2019M3,116.5767431
United States,"Consumer Price Index, All items",2019M4,117.1940171
United States,"Consumer Price Index, All items",2019M5,117.4434949
United States,"Consumer Price Index, All items",2019M6,117.4668834
United States,"Consumer Price Index, All items",2019M7,117.6631637
United States,"Consumer Price Index, All items",2019M8,117.657202
United States,"Consumer Price Index, All items",2019M9,117.7493803
United States,"Consumer Price Index, All items",2019M10,118.0185778
United States,"Consumer Price Index, All items",2019M11,117.9552912
United States,"Consumer Price Index, All items",2019M12,117.8479791
United States,"Consumer Price Index, All items",2020M1,118.3052021
United States,"Consumer Price Index, All items",2020M2,118.6294315
